{"screenshots-test(7-2-2022 18H26M10)":{"first-contentful-paint":603.1999999999999,"largest-contentful-paint":1352.6599999999999,"first-meaningful-paint":892.1899999999999,"speed-index":2849.584206486565,"total-blocking-time":451.99999999999955,"max-potential-fid":297,"cumulative-layout-shift":0.3114238407319849,"interactive":5516.679017700195},"screenshots-test(7-2-2022 18H26M49)":{"first-contentful-paint":594.675,"largest-contentful-paint":1048.388,"first-meaningful-paint":852.101,"speed-index":5683.427129074116,"total-blocking-time":531.4999999999995,"max-potential-fid":313.00000000000045,"cumulative-layout-shift":0.18677396418877507,"interactive":6227.620517700192},"screenshots-test(7-2-2022 18H27M28)":{"first-contentful-paint":576.578,"largest-contentful-paint":1396.578,"first-meaningful-paint":726.49,"speed-index":2979.4299938398917,"total-blocking-time":460.9999999999977,"max-potential-fid":261.9999999999991,"cumulative-layout-shift":0.18677396418877507,"interactive":5967.951008163451}}