{"first-contentful-paint":{"q25":585.6265,"q50":594.675,"q75":598.9375,"s":13.594777906730686,"s2":null,"mean":594.675},"largest-contentful-paint":{"q25":1200.524,"q50":1352.6599999999999,"q75":1374.619,"s":189.62529578443204,"s2":null,"mean":1352.6599999999999},"first-meaningful-paint":{"q25":789.2955,"q50":852.101,"q75":872.1455,"s":86.4501216906797,"s2":null,"mean":852.101},"speed-index":{"q25":2914.5071001632286,"q50":2979.4299938398917,"q75":4331.4285614570035,"s":1599.9544861103523,"s2":null,"mean":2979.4299938398917},"total-blocking-time":{"q25":456.49999999999864,"q50":460.9999999999977,"q75":496.24999999999864,"s":43.534469102080905,"s2":null,"mean":460.9999999999977},"max-potential-fid":{"q25":279.49999999999955,"q50":297,"q75":305.0000000000002,"s":26.08320021265354,"s2":null,"mean":297},"cumulative-layout-shift":{"q25":0.18677396418877507,"q50":0.18677396418877507,"q75":0.24909890246038,"s":0.07196663977667583,"s2":null,"mean":0.18677396418877507},"interactive":{"q25":5742.315012931823,"q50":5967.951008163451,"q75":6097.785762931821,"s":359.7481711748666,"s2":null,"mean":5967.951008163451}}